time,open,high,low,close,volume,volumeRaw,changePercent
1980-04-01,139.99,139.99,139.99,139.99,,,6.86
1980-05-01,150.45,150.45,150.45,150.45,,,7.47
1980-06-01,157.78,157.78,157.78,157.78,,,4.87
1980-07-01,171.81,171.81,171.81,171.81,,,8.89
1980-08-01,181.52,181.52,181.52,181.52,,,5.65
1980-09-01,187.76,187.76,187.76,187.76,,,3.44
1980-10-01,192.78,192.78,192.78,192.78,,,2.67
1980-11-01,208.15,208.15,208.15,208.15,,,7.97
1980-12-01,202.34,202.34,202.34,202.34,,,-2.79
1981-01-01,197.81,197.81,197.81,197.81,,,-2.24
1981-02-01,198.01,198.01,198.01,198.01,,,0.1
1981-03-01,210.18,210.18,210.18,210.18,,,6.15
1981-04-01,216.74,216.74,216.74,216.74,,,3.12
1981-05-01,223.47,223.47,223.47,223.47,,,3.11
1981-06-01,215.75,215.75,215.75,215.75,,,-3.45
1981-07-01,211.63,211.63,211.63,211.63,,,-1.91
1981-08-01,195.75,195.75,195.75,195.75,,,-7.5
1981-09-01,180.03,180.03,180.03,180.03,,,-8.03
1981-10-01,195.24,195.24,195.24,195.24,,,8.45
1981-11-01,201.37,201.37,201.37,201.37,,,3.14
1981-12-01,195.84,195.84,195.84,195.84,,,-2.75
1982-01-01,188.39,188.39,188.39,188.39,,,-3.8
1982-02-01,179.43,179.43,179.43,179.43,,,-4.76
1982-03-01,175.65,175.65,175.65,175.65,,,-2.11
1982-04-01,184.7,184.7,184.7,184.7,,,5.15
1982-05-01,178.54,178.54,178.54,178.54,,,-3.34
1982-06-01,171.3,171.3,171.3,171.3,,,-4.06
1982-07-01,167.35,167.35,167.35,167.35,,,-2.31
1982-08-01,177.71,177.71,177.71,177.71,,,6.19
1982-09-01,187.65,189.62,185.53,187.65,,,5.59
1982-10-01,212.63,215.29,187.79,212.63,,,13.31
1982-11-01,232.31,233.13,212.64,232.31,,,9.26
1982-12-01,232.41,241.63,224.91,232.41,,,0.04
1983-01-01,248.35,248.35,229.88,248.35,,,6.86
1983-02-01,260.67,263.21,246.89,260.67,,,4.96
1983-03-01,270.8,272.24,260.62,270.8,,,3.89
1983-04-01,293.06,293.06,266.21,293.06,,,8.22
1983-05-01,308.73,312.18,288.56,308.73,,,5.35
1983-06-01,318.7,329.11,307.1,318.7,,,3.23
1983-07-01,303.96,321.58,303.09,303.96,,,-4.63
1983-08-01,292.42,304.34,288.42,292.42,,,-3.8
1983-09-01,296.65,305.06,292.91,296.65,,,1.45
1983-10-01,274.55,297.81,274.16,274.55,,,-7.45
1983-11-01,285.67,289.6,269.42,285.67,,,4.05
1983-12-01,278.6,286.12,274.36,278.6,,,-2.47
1984-01-01,268.43,288.41,267.75,268.43,,,-3.65
1984-02-01,252.57,268.79,246.03,252.57,,,-5.91
1984-03-01,250.78,255.67,248.49,250.78,,,-0.71
1984-04-01,247.44,251.28,240.7,247.44,,,-1.33
1984-05-01,232.82,253.45,230.22,232.82,,,-5.91
1984-06-01,239.65,241.52,232.8,239.65,,,2.93
1984-07-01,229.7,239.77,225.29,229.7,,,-4.15
1984-08-01,254.64,255.29,229.62,254.64,,,10.86
1984-09-01,249.94,255.87,249.36,249.94,,,-1.85
1984-10-01,247.03,252.59,242.2,247.03,,,-1.16
1984-11-01,242.53,250.96,242.19,242.53,,,-1.82
1984-12-01,247.35,247.41,237.58,247.35,,,1.99
1985-01-01,278.7,278.95,245.7,278.7,,,12.67
1985-02-01,284.17,288.87,277.69,284.17,,,1.96
1985-03-01,279.2,287.96,275.61,279.2,,,-1.75
1985-04-01,280.56,284.79,276.21,280.56,,,0.49
1985-05-01,290.8,294.8,278.76,290.8,,,3.65
1985-06-01,296.2,296.2,286.69,296.2,,,1.86
1985-07-01,301.29,307.94,295.54,301.29,,,1.72
1985-08-01,297.71,304.58,295.52,297.71,,,-1.19
1985-09-01,280.33,297.73,279.48,280.33,,,-5.84
1985-10-01,292.54,292.78,276.61,292.54,,,4.36
1985-11-01,313.95,314.05,292.5,313.95,,,7.32
1985-12-01,324.93,325.61,312.3,324.93,,,3.5
1986-01-01,335.77,335.82,322.06,335.77,,,3.34
1986-02-01,359.53,360,335.77,359.53,,,7.08
1986-03-01,374.72,374.74,359.07,374.72,,,4.22
1986-04-01,383.24,392.95,368,383.24,,,2.27
1986-05-01,400.16,400.39,381.45,400.16,,,4.41
1986-06-01,405.51,405.51,391.75,405.51,,,1.34
1986-07-01,371.37,411.33,369.11,371.37,,,-8.42
1986-08-01,382.86,383.22,364.36,382.86,,,3.09
1986-09-01,350.67,383.99,342.28,350.67,,,-8.41
1986-10-01,360.77,361.6,351.22,360.77,,,2.88
1986-11-01,359.57,362.48,349.09,359.57,,,-0.33
1986-12-01,348.83,364.65,347,348.83,,,-2.99
1987-01-01,392.06,402.33,348.81,392.06,,,12.39
1987-02-01,424.97,424.97,392.04,424.97,,,8.39
1987-03-01,430.05,439.99,422.92,430.05,,,1.2
1987-04-01,417.81,439.16,407.35,417.81,,,-2.85
1987-05-01,416.54,424.83,404.52,416.54,,,-0.3
1987-06-01,424.67,429.89,413.53,424.67,,,1.95
1987-07-01,434.93,434.94,423.73,434.93,,,2.42
1987-08-01,454.97,455.78,431.17,454.97,,,4.61
1987-09-01,444.29,456.27,433.86,444.29,,,-2.35
1987-10-01,323.3,453.88,288.49,323.3,,,-27.23
1987-11-01,305.16,328.82,301.62,305.16,,,-5.61
1987-12-01,330.47,333.23,291.86,330.47,,,8.29
1988-01-01,344.66,350.3,329,344.66,,,4.29
1988-02-01,366.95,366.99,343.48,366.95,,,6.47
1988-03-01,374.64,382.61,366.68,374.64,,,2.1
1988-04-01,379.23,384.26,369.82,379.23,,,1.23
1988-05-01,370.34,383.06,362.37,370.34,,,-2.34
1988-06-01,394.66,394.77,370.33,394.66,,,6.57
1988-07-01,387.33,397.54,382.13,387.33,,,-1.86
1988-08-01,376.55,389.5,372.2,376.55,,,-2.78
1988-09-01,387.71,388.37,372.15,387.71,,,2.96
1988-10-01,382.46,388.93,380.66,382.46,,,-1.35
1988-11-01,371.45,383.07,364.03,371.45,,,-2.88
1988-12-01,381.38,381.38,371.16,381.38,,,2.67
1989-01-01,401.3,401.41,376.87,401.3,,,5.22
1989-02-01,399.71,410.09,398.13,399.71,,,-0.4
1989-03-01,406.73,409.86,397.68,406.73,,,1.76
1989-04-01,427.55,427.59,406.48,427.55,,,5.12
1989-05-01,446.17,446.25,425.68,446.17,,,4.36
1989-06-01,435.29,454.59,431.72,435.29,,,-2.44
1989-07-01,453.84,453.86,434.35,453.84,,,4.26
1989-08-01,469.33,469.42,452.41,469.33,,,3.41
1989-09-01,472.92,474.56,464.83,472.92,,,0.76
1989-10-01,455.63,487.6,447,455.63,,,-3.66
1989-11-01,456.09,457.83,446.72,456.09,,,0.1
1989-12-01,454.82,459.4,431.7,454.82,,,-0.28
1990-01-01,415.81,461.72,409.98,415.81,,,-8.58
1990-02-01,425.83,430.92,415.79,425.83,,,2.41
1990-03-01,435.54,443.31,424.44,435.54,,,2.28
1990-04-01,420.07,438.5,416.95,420.07,,,-3.55
1990-05-01,458.97,459.98,420.07,458.97,,,9.26
1990-06-01,462.29,469.42,453.1,462.29,,,0.72
1990-07-01,438.24,470.3,436.76,438.24,,,-5.2
1990-08-01,381.21,438.59,359.67,381.21,,,-13.01
1990-09-01,344.51,385.19,334.54,344.51,,,-9.63
1990-10-01,329.84,360.97,322.93,329.84,,,-4.26
1990-11-01,359.06,359.06,327.75,359.06,,,8.86
1990-12-01,373.84,378.03,359.05,373.84,,,4.12
1991-01-01,414.2,414.29,352.85,414.2,,,10.8
1991-02-01,453.05,454.47,413.45,453.05,,,9.38
1991-03-01,482.3,483.48,450.26,482.3,,,6.46
1991-04-01,484.72,512.75,479.07,484.72,,,0.5
1991-05-01,506.11,506.16,476.53,506.11,,,4.41
1991-06-01,475.92,508.07,470.92,475.92,,,-5.97
1991-07-01,502.04,502.21,471.17,502.04,,,5.49
1991-08-01,508.27,527.76,487,525.68,,,4.71
1991-09-01,526.01,529.29,510.97,526.88,,,0.23
1991-10-01,527.34,543.11,513.08,542.98,,,3.06
1991-11-01,543.26,558.29,516.34,523.9,,,-3.51
1991-12-01,522.23,586.35,518.53,586.34,,,11.92
1992-01-01,584.28,633.08,576.04,620.21,,,5.78
1992-02-01,619.77,646.11,616.83,633.47,,,2.14
1992-03-01,633.85,637.25,599.41,603.77,,,-4.69
1992-04-01,601.58,603.7,557.03,578.68,,,-4.16
1992-05-01,579.96,591.27,571,585.31,,,1.15
1992-06-01,584.43,591.12,545.85,563.6,,,-3.71
1992-07-01,563.36,581.11,553.74,580.83,,,3.06
1992-08-01,580.75,583.9,550.23,563.12,,,-3.05
1992-09-01,563.21,594.27,562.19,583.27,,,3.58
1992-10-01,582.48,606.71,551.64,605.17,,,3.75
1992-11-01,605.48,652.77,603.23,652.73,,,7.86
1992-12-01,652.34,676.95,648.69,676.95,,,3.71
1993-01-01,676.78,711.29,670.4,696.34,,,2.86
1993-02-01,696.79,711.29,647.69,670.77,,,-3.67
1993-03-01,671.84,697.52,668.55,690.13,,,2.89
1993-04-01,690.24,691.22,644.59,661.42,,,-4.16
1993-05-01,662.29,707.29,661.24,700.53,,,5.91
1993-06-01,701.16,706.64,682.83,703.95,,,0.49
1993-07-01,704.42,714.12,694.49,704.7,,,0.11
1993-08-01,705.06,743.14,704.7,742.84,,,5.41
1993-09-01,742.79,766.67,724.32,762.78,,,2.68
1993-10-01,762.52,791.3,758.78,779.26,,,2.16
1993-11-01,779.78,786.26,737.53,754.39,,,-3.19
1993-12-01,757.4,777.02,750.25,776.8,,,2.97
1994-01-01,777.29,800.7,768.34,800.47,,,3.05
1994-02-01,799.99,800.51,767.07,792.5,,,-1
1994-03-01,793.35,804.53,731.74,743.46,,,-6.19
1994-04-01,737.13,755.6,703.15,733.84,,,-1.29
1994-05-01,735.01,742.68,703.78,735.19,,,0.18
1994-06-01,735.01,744.97,690.85,705.96,,,-3.98
1994-07-01,706.29,726.06,699.37,722.16,,,2.29
1994-08-01,722.84,767.67,715.77,765.62,,,6.02
1994-09-01,763,779.73,752.35,764.29,,,-0.17
1994-10-01,764.47,778.88,737.59,777.49,,,1.73
1994-11-01,776.25,777.52,728.72,750.32,,,-3.49
1994-12-01,748.83,752.21,710.87,751.96,,,0.22
1995-01-01,751.31,774.35,740.44,755.2,,,0.43
1995-02-01,756.68,796.24,755.2,793.73,,,5.1
1995-03-01,794.33,830.01,790.23,817.21,,,2.96
1995-04-01,816.06,844.45,810.82,843.98,,,3.28
1995-05-01,844.72,886.1,839.26,864.58,,,2.44
1995-06-01,865.67,940.21,863.76,933.45,,,7.97
1995-07-01,933.99,1011.9,931.95,1001.21,,,7.26
1995-08-01,1001.57,1035.35,970.6,1020.11,,,1.89
1995-09-01,1019.42,1070.47,1008.38,1043.54,,,2.3
1995-10-01,1041.39,1050.69,956.98,1036.06,,,-0.72
1995-11-01,1037.3,1068.8,1016.36,1059.2,,,2.23
1995-12-01,1060.66,1075.14,1001.37,1052.13,,,-0.67
1996-01-01,1052.83,1059.81,969.95,1059.79,,,0.73
1996-02-01,1058.26,1122.05,1057.7,1100.05,,,3.8
1996-03-01,1098.94,1119.89,1057.73,1101.4,,,0.12
1996-04-01,1105.77,1191.17,1092.23,1190.52,,,8.09
1996-05-01,1190.48,1252.92,1163.02,1243.43,,,4.44
1996-06-01,1242.54,1254.32,1147.58,1185.02,,,-4.7
1996-07-01,1185.64,1199.98,1008.44,1080.59,,,-8.81
1996-08-01,1081.34,1154.03,1080.41,1141.5,,,5.64
1996-09-01,1133.3,1237.26,1123.14,1226.92,,,7.48
1996-10-01,1223.73,1269.62,1202.36,1221.51,,,-0.44
1996-11-01,1223.72,1293.75,1165.81,1292.61,,,5.82
1996-12-01,1294.78,1328.95,1251.03,1291.03,,,-0.12
1997-01-01,1292.65,1400.53,1272.34,1379.85,,,6.88
1997-02-01,1383.97,1384.51,1296.88,1309,,,-5.13
1997-03-01,1306.21,1332.49,1220.4,1221.7,,,-6.67
1997-04-01,1211.28,1267.41,1194.16,1260.76,,,3.2
1997-05-01,1263.93,1414.26,1260.94,1400.32,,,11.07
1997-06-01,1407.07,1458.85,1375.45,1442.07,,,2.98
1997-07-01,1442.65,1595.76,1432.42,1593.81,,,10.52
1997-08-01,1594.67,1638.26,1545.13,1587.32,,,-0.41
1997-09-01,1595.07,1702.49,1587.32,1685.69,,,6.2
1997-10-01,1690.79,1748.78,1465.84,1593.61,,,-5.46
1997-11-01,1609.62,1654.43,1526.85,1600.55,,,0.44
1997-12-01,1608.56,1652.84,1486.23,1570.35,,,-1.89
1998-01-01,1574.1,1629.54,1465.61,1619.36,,,3.12
1998-02-01,1640.06,1783.74,1619.36,1770.51,,,9.33
1998-03-01,1778.72,1840.83,1708.48,1835.68,,,3.68
1998-04-01,1838.15,1931.83,1788.74,1868.41,,,1.78
1998-05-01,1871.81,1890.8,1741.72,1778.87,,,-4.79
1998-06-01,1770.37,1898.76,1715.04,1894.74,,,6.51
1998-07-01,1904.24,2028.18,1871.72,1872.39,,,-1.18
1998-08-01,1869.72,1874.31,1498.73,1499.25,,,-19.93
1998-09-01,1509.01,1769.71,1475.49,1693.84,,,12.98
1998-10-01,1663.3,1781.63,1357.09,1771.39,,,4.58
1998-11-01,1783.71,2025.04,1771.4,1949.54,,,10.06
1998-12-01,1928.51,2200.63,1924.15,2192.69,,,12.47
1999-01-01,2207.54,2506.68,2192.68,2505.89,,,14.28
1999-02-01,2522.38,2533.44,2224.21,2288.03,,,-8.69
1999-03-01,2286.83,2520.63,2235.19,2461.4,,,7.58
1999-04-01,2493.07,2677.76,2329.87,2542.85,,,3.31
1999-05-01,2546.33,2632.74,2339.12,2470.52,,,-2.84
1999-06-01,2467.51,2696.87,2364.59,2686.12,,,8.73
1999-07-01,2692.96,2874.92,2619.08,2638.49,,,-1.77
1999-08-01,2638.31,2819.9,2442.22,2739.35,,,3.82
1999-09-01,2752.33,2897.53,2684.7,2746.16,,,0.25
1999-10-01,2729.04,2978.63,2632.01,2966.43,,,8.02
1999-11-01,2970.93,3469.35,2967.63,3336.16,,,12.46
1999-12-01,3341.1,4090.61,3321.57,4069.31,,,21.98
2000-01-01,4186.19,4303.15,3711.09,3940.35,,,-3.17
2000-02-01,3961.07,4698.46,3911.84,4696.69,,,19.19
2000-03-01,4732.82,5132.52,4355.69,4572.83,,,-2.64
2000-04-01,4494.89,4572.84,3227.04,3860.66,,,-15.57
2000-05-01,3930.18,3982.38,3042.66,3400.91,,,-11.91
2000-06-01,3471.95,4073.73,3400.91,3966.11,,,16.62
2000-07-01,3950.59,4289.06,3615.79,3766.99,,,-5.02
2000-08-01,3760.95,4208.73,3521.14,4206.35,,,11.66
2000-09-01,4252.15,4259.87,3614.66,3672.82,,,-12.68
2000-10-01,3714.48,3714.48,3026.11,3369.63,,,-8.25
2000-11-01,3316.51,3480.01,2523.04,2597.93,,,-22.9
2000-12-01,2644.09,3028.75,2288.16,2470.52,,,-4.9
2001-01-01,2474.16,2892.36,2251.71,2772.73,,,12.23
2001-02-01,2771.57,2796.89,2127.5,2151.83,,,-22.39
2001-03-01,2126.3,2243.78,1794.21,1840.26,,,-14.48
2001-04-01,1835.22,2202.86,1619.58,2116.24,,,15
2001-05-01,2116.24,2328.05,2052.41,2110.49,,,-0.27
2001-06-01,2131.12,2264.58,1973.7,2161.24,,,2.4
2001-07-01,2156.76,2181.05,1934.67,2027.13,,,-6.21
2001-08-01,2051.56,2102.53,1777.11,1805.43,,,-10.94
2001-09-01,1802.29,1836.19,1387.06,1498.8,,,-16.98
2001-10-01,1491.45,1792.87,1458.41,1690.2,,,12.77
2001-11-01,1705.52,1965.09,1683.99,1930.58,,,14.22
2001-12-01,1915.13,2065.69,1898.98,1950.4,,,1.03
2002-01-01,1965.18,2098.88,1851.49,1934.03,,,-0.84
2002-02-01,1928.83,1942.15,1696.55,1731.49,,,-10.47
2002-03-01,1745.49,1946.23,1742.08,1845.35,,,6.58
2002-04-01,1834.59,1865.37,1640.97,1688.23,,,-8.51
2002-05-01,1683.76,1759.33,1560.29,1615.73,,,-4.29
2002-06-01,1613.5,1621.5,1375.53,1463.21,,,-9.44
2002-07-01,1457.04,1459.84,1192.42,1328.26,,,-9.22
2002-08-01,1322.47,1426.76,1205.68,1314.85,,,-1.01
2002-09-01,1302.67,1347.27,1160.07,1172.06,,,-10.86
2002-10-01,1180.26,1347.58,1108.49,1329.75,,,13.45
2002-11-01,1320.95,1497.44,1313.72,1478.78,,,11.21
2002-12-01,1507.94,1521.44,1327.19,1335.51,,,-9.69
2003-01-01,1346.93,1467.35,1303.64,1320.91,,,-1.09
2003-02-01,1324.74,1352.07,1261.79,1337.52,,,1.26
2003-03-01,1344.21,1425.73,1253.22,1341.17,,,0.27
2003-04-01,1347.54,1482.49,1338.23,1464.31,,,9.18
2003-05-01,1463,1599.92,1451.32,1595.91,,,8.99
2003-06-01,1612.1,1686.1,1584.7,1622.8,,,1.68
2003-07-01,1617.3,1776.1,1598.92,1735.02,,,6.92
2003-08-01,1731.63,1813.82,1640.88,1810.45,,,4.35
2003-09-01,1817.92,1913.74,1783.46,1786.94,,,-1.3
2003-10-01,1797.07,1966.87,1796.09,1932.21,,,8.13
2003-11-01,1941.31,1992.27,1878.07,1960.26,,,1.45
2003-12-01,1972.97,2015.23,1887.46,2003.37,,,2.2
2004-01-01,2011.08,2153.83,1999.77,2066.15,,,3.13
2004-02-01,2072.13,2094.92,1991.05,2029.82,,,-1.76
2004-03-01,2036.92,2069.02,1896.91,1994.22,,,-1.75
2004-04-01,1996.45,2079.12,1919.39,1920.15,,,-3.71
2004-05-01,1928.72,1991.87,1865.4,1986.74,,,3.47
2004-06-01,1978.52,2055.65,1960.26,2047.79,,,3.07
2004-07-01,2045.53,2045.53,1829.06,1887.36,,,-7.83
2004-08-01,1874.93,1893.13,1750.82,1838.1,,,-2.61
2004-09-01,1833.37,1925.85,1833.33,1896.84,,,3.2
2004-10-01,1909.59,1984.18,1899.33,1974.99,,,4.12
2004-11-01,1975.48,2117.89,1969.32,2096.81,,,6.17
2004-12-01,2104.58,2185.56,2097.86,2175.44,,,3.75
2005-01-01,2184.75,2191.6,2008.68,2062.41,,,-5.2
2005-02-01,2063.27,2103.45,2023,2051.72,,,-0.52
2005-03-01,2057.47,2100.57,1968.58,1999.23,,,-2.56
2005-04-01,2009.09,2021.82,1889.83,1921.65,,,-3.88
2005-05-01,1923.23,2076.8,1916.03,2068.22,,,7.63
2005-06-01,2067.23,2106.57,2039.69,2056.96,,,-0.54
2005-07-01,2060.97,2201.39,2050.3,2184.83,,,6.22
2005-08-01,2191.49,2219.91,2112.25,2152.09,,,-1.5
2005-09-01,2150.03,2186.83,2093.06,2151.69,,,-0.02
2005-10-01,2152.7,2167,2025.58,2120.3,,,-1.46
2005-11-01,2109.89,2269.3,2108.86,2232.82,,,5.31
2005-12-01,2244.85,2278.16,2200.51,2205.32,,,-1.23
2006-01-01,2216.53,2332.92,2189.91,2305.82,,,4.56
2006-02-01,2294.11,2313.53,2232.68,2281.39,,,-1.06
2006-03-01,2288.15,2353.14,2239.54,2339.79,,,2.56
2006-04-01,2352.24,2375.54,2299.42,2322.57,,,-0.74
2006-05-01,2329.79,2352.56,2135.81,2178.88,,,-6.19
2006-06-01,2179.82,2233.88,2065.11,2172.09,17540000000,17.54B,-0.31
2006-07-01,2177.91,2190.44,2012.78,2091.47,26890000000,26.89B,-3.71
2006-08-01,2080.34,2193.34,2048.22,2183.75,18680000000,18.68B,4.41
2006-09-01,2194.56,2273.3,2147.44,2258.43,18440000000,18.44B,3.42
2006-10-01,2257,2379.29,2224.21,2366.71,20920000000,20.92B,4.79
2006-11-01,2373.49,2468.42,2316.82,2431.77,17200000000,17.20B,2.75
2006-12-01,2430.75,2470.95,2392.95,2415.29,16059999999.999998,16.06B,-0.68
2007-01-01,2429.72,2508.93,2394.66,2463.93,18720000000,18.72B,2.01
2007-02-01,2474.08,2531.42,2395.35,2416.15,17100000000.000002,17.10B,-1.94
2007-03-01,2377.18,2459.96,2331.57,2421.64,20270000000,20.27B,0.23
2007-04-01,2425.36,2562.99,2409.04,2525.09,18180000000,18.18B,4.27
2007-05-01,2529.95,2607.9,2510.57,2604.52,20210000000,20.21B,3.15
2007-06-01,2614.01,2634.6,2534.97,2603.23,20010000000,20.01B,-0.05
2007-07-01,2617.39,2724.74,2545.57,2545.57,20210000000,20.21B,-2.21
2007-08-01,2538.5,2627.75,2386.69,2596.36,23990000000,23.99B,2
2007-09-01,2596.38,2716.75,2536.93,2701.5,15460000000,15.46B,4.05
2007-10-01,2704.25,2861.51,2698.14,2859.12,20700000000,20.70B,5.83
2007-11-01,2835,2835.63,2539.81,2660.96,21070000000,21.07B,-6.93
2007-12-01,2654.91,2734.82,2553.99,2652.28,16079999999.999998,16.08B,-0.33
2008-01-01,2653.91,2661.5,2202.54,2389.86,24810000000,24.81B,-9.89
2008-02-01,2392.58,2419.23,2252.65,2271.48,19890000000,19.89B,-4.95
2008-03-01,2271.26,2346.78,2155.42,2279.1,19520000000,19.52B,0.34
2008-04-01,2306.51,2451.19,2266.29,2412.8,17610000000,17.61B,5.87
2008-05-01,2416.49,2551.47,2416.49,2522.66,17480000000,17.48B,4.55
2008-06-01,2514.82,2549.94,2290.59,2292.98,19270000000,19.27B,-9.1
2008-07-01,2274.24,2353.39,2167.29,2325.55,20420000000,20.42B,1.42
2008-08-01,2326.83,2473.2,2280.93,2367.52,14410000000,14.41B,1.8
2008-09-01,2402.11,2413.11,1983.73,2091.88,19750000000,19.75B,-11.64
2008-10-01,2075.1,2083.2,1493.79,1720.95,25280000000,25.28B,-17.73
2008-11-01,1718.89,1785.84,1295.48,1535.57,15970000000,15.97B,-10.77
2008-12-01,1496.09,1602.92,1398.07,1577.03,15380000000,15.38B,2.7
2009-01-01,1578.87,1665.63,1434.08,1476.42,15090000000,15.09B,-6.38
2009-02-01,1460.85,1598.5,1372.42,1377.84,15710000000,15.71B,-6.68
2009-03-01,1356.13,1587,1265.52,1528.59,17300000000,17.30B,10.94
2009-04-01,1504.87,1753.61,1498.54,1717.3,15430000000,15.43B,12.35
2009-05-01,1719.29,1774.33,1664.19,1774.33,14460000000,14.46B,3.32
2009-06-01,1796.09,1879.92,1753.78,1835.04,16200000000,16.20B,3.42
2009-07-01,1846.12,2009.81,1727.05,1978.5,14220000000,14.22B,7.82
2009-08-01,1998.35,2059.48,1929.64,2009.06,12700000000,12.70B,1.54
2009-09-01,2001.3,2167.7,1958.04,2122.42,14270000000,14.27B,5.64
2009-10-01,2111.77,2190.64,2040.21,2045.11,15230000000,15.23B,-3.64
2009-11-01,2047.42,2205.32,2024.27,2144.6,11980000000,11.98B,4.86
2009-12-01,2162.23,2295.8,2155.96,2269.15,11530000000,11.53B,5.81
2010-01-01,2294.41,2326.28,2140.34,2147.35,12780000000,12.78B,-5.37
2010-02-01,2155.81,2251.68,2100.17,2238.26,12180000000,12.18B,4.23
2010-03-01,2247.4,2432.25,2247.33,2397.96,14440000000,14.44B,7.14
2010-04-01,2411.68,2535.28,2383.77,2461.19,13660000000,13.66B,2.64
2010-05-01,2472.32,2503,2140.53,2257.04,15560000000,15.56B,-8.29
2010-06-01,2244.79,2341.11,2105.26,2109.24,14170000000,14.17B,-6.55
2010-07-01,2110.75,2307.6,2061.14,2254.7,12500000000,12.50B,6.9
2010-08-01,2283.32,2309.43,2099.29,2114.03,11610000000,11.61B,-6.24
2010-09-01,2142.75,2400.06,2141.95,2368.62,11620000000,11.62B,12.04
2010-10-01,2386.82,2517.5,2332.46,2507.41,10960000000,10.96B,5.86
2010-11-01,2520.45,2592.94,2459.79,2498.23,11050000000,11.05B,-0.37
2010-12-01,2535.19,2675.26,2535.19,2652.87,9340000000,9.34B,6.19
2011-01-01,2676.65,2766.17,2663.64,2700.08,9520000000,9.52B,1.78
2011-02-01,2717.61,2840.51,2705.54,2782.27,9620000000,9.62B,3.04
2011-03-01,2791.08,2802.32,2603.5,2781.07,12130000000,12.13B,-0.04
2011-04-01,2796.67,2876.83,2706.5,2873.54,10190000000,10.19B,3.32
2011-05-01,2881.28,2887.75,2739.85,2835.3,11830000000,11.83B,-1.33
2011-06-01,2829.39,2834.05,2599.86,2773.52,12850000000,12.85B,-2.18
2011-07-01,2775.08,2878.94,2724.99,2756.38,9760000000,9.76B,-0.62
2011-08-01,2791.45,2796.24,2331.65,2579.46,15410000000,15.41B,-6.42
2011-09-01,2583.34,2643.37,2414.31,2415.4,11940000000,11.94B,-6.36
2011-10-01,2401.19,2753.37,2298.89,2684.41,11330000000,11.33B,11.14
2011-11-01,2607.31,2730.39,2441.48,2620.34,10180000000,10.18B,-2.39
2011-12-01,2615.67,2674.53,2518.01,2605.15,8750000000,8.75B,-0.58
2012-01-01,2657.39,2834.3,2627.23,2813.84,8790000000,8.79B,8.01
2012-02-01,2830.1,3000.11,2825.19,2966.89,9350000000,9.35B,5.44
2012-03-01,2979.11,3134.17,2900.28,3091.57,9680000000,9.68B,4.2
2012-04-01,3085.94,3128.25,2946.04,3046.36,8930000000,8.93B,-1.46
2012-05-01,3044.79,3085.4,2774.45,2827.34,10550000000,10.55B,-7.19
2012-06-01,2810.13,2942.28,2726.68,2935.05,10160000000,10.16B,3.81
2012-07-01,2938.41,2987.94,2837.72,2939.52,8860000000,8.86B,0.15
2012-08-01,2956.72,3100.54,2890.85,3066.96,8590000000,8.59B,4.34
2012-09-01,3063.25,3196.93,3040.24,3116.23,8060000000.000001,8.06B,1.61
2012-10-01,3130.31,3171.46,2961.16,2977.23,8250000000,8.25B,-4.46
2012-11-01,2987.54,3033.85,2810.8,3010.24,8590000000,8.59B,1.11
2012-12-01,3029.21,3061.82,2951.04,3019.51,7730000000,7.73B,0.31
2013-01-01,3091.33,3164.06,3076.6,3142.13,8320000000,8.32B,4.06
2013-02-01,3162.94,3213.6,3105.36,3160.19,8070000000,8.07B,0.57
2013-03-01,3143.54,3270.3,3129.4,3267.52,7850000000,7.85B,3.4
2013-04-01,3268.63,3328.79,3154.96,3328.79,9230000000,9.23B,1.88
2013-05-01,3325.35,3532.04,3296.51,3455.91,9020000000,9.02B,3.82
2013-06-01,3460.76,3488.31,3294.95,3403.25,9560000000,9.56B,-1.52
2013-07-01,3430.48,3649.35,3415.23,3626.37,8369999999.999999,8.37B,6.56
2013-08-01,3654.18,3694.19,3573.57,3589.87,7580000000,7.58B,-1.01
2013-09-01,3622.64,3798.76,3593.62,3771.48,8330000000,8.33B,5.06
2013-10-01,3774.18,3966.71,3650.03,3919.71,10310000000,10.31B,3.93
2013-11-01,3932.45,4069.7,3855.07,4059.89,8560000000.000001,8.56B,3.58
2013-12-01,4065.66,4177.73,3979.59,4176.59,9260000000,9.26B,2.87
2014-01-01,4160.03,4246.55,4044.76,4103.88,10890000000,10.89B,-1.74
2014-02-01,4105.06,4342.59,3968.19,4308.12,9940000000,9.94B,4.98
2014-03-01,4261.42,4371.71,4131.81,4198.99,11620000000,11.62B,-2.53
2014-04-01,4219.87,4286.09,3946.03,4114.56,11050000000,11.05B,-2.01
2014-05-01,4121.25,4252.08,4021.05,4242.62,9830000000,9.83B,3.11
2014-06-01,4247.96,4417.46,4207.61,4408.18,10350000000,10.35B,3.9
2014-07-01,4424.71,4485.93,4351.04,4369.77,9700000000,9.70B,-0.87
2014-08-01,4363.39,4580.27,4321.89,4580.27,8180000000,8.18B,4.82
2014-09-01,4592.42,4610.57,4464.44,4493.39,10140000000,10.14B,-1.9
2014-10-01,4486.65,4641.51,4116.6,4630.74,12870000000,12.87B,3.06
2014-11-01,4633.71,4810.86,4594.91,4791.63,8480000000,8.48B,3.47
2014-12-01,4777.73,4814.95,4547.31,4736.05,10630000000,10.63B,-1.16
2015-01-01,4760.24,4777.01,4563.11,4635.24,10020000000,10.02B,-2.13
2015-02-01,4650.6,4989.25,4580.46,4963.53,8770000000,8.77B,7.08
2015-03-01,4973.43,5042.14,4825.93,4900.88,10390000000,10.39B,-1.26
2015-04-01,4894.36,5119.83,4844.39,4941.42,8960000000,8.96B,0.83
2015-05-01,4966.32,5111.54,4888.17,5070.02,8570000000,8.57B,2.6
2015-06-01,5094.94,5164.36,4956.23,4986.87,10530000000,10.53B,-1.64
2015-07-01,5029.05,5231.94,4901.51,5128.28,9460000000,9.46B,2.84
2015-08-01,5134.34,5175.26,4292.14,4776.51,10460000000,10.46B,-6.86
2015-09-01,4673.61,4960.87,4487.06,4620.16,10530000000,10.53B,-3.27
2015-10-01,4624.46,5095.69,4552.34,5053.75,9910000000,9.91B,9.38
2015-11-01,5065.64,5163.47,4908.66,5108.67,8400000000,8.40B,1.09
2015-12-01,5129.64,5176.77,4871.59,5007.41,9860000000,9.86B,-1.98
2016-01-01,4897.65,4926.73,4313.39,4613.95,10700000000,10.70B,-7.86
2016-02-01,4587.59,4636.93,4209.76,4557.95,10510000000,10.51B,-1.21
2016-03-01,4596.01,4899.14,4581.75,4869.85,10060000000,10.06B,6.84
2016-04-01,4842.55,4969.32,4740.84,4775.36,8820000000,8.82B,-1.94
2016-05-01,4786.55,4951.45,4678.38,4948.06,9210000000,9.21B,3.62
2016-06-01,4928.97,4980.14,4574.25,4842.67,10960000000,10.96B,-2.13
2016-07-01,4837.18,5175.81,4786.01,5162.13,8010000000,8.01B,6.6
2016-08-01,5167.42,5275.74,5109.8,5213.22,8790000000,8.79B,0.99
2016-09-01,5218.28,5342.88,5097.8,5312,9630000000,9.63B,1.89
2016-10-01,5300.29,5340.52,5169.76,5189.14,7970000000,7.97B,-2.31
2016-11-01,5199.77,5403.86,5034.41,5323.68,9910000000,9.91B,2.59
2016-12-01,5323.88,5512.37,5238.21,5383.12,9320000000,9.32B,1.12
2017-01-01,5425.62,5669.61,5397.99,5614.79,8380000000.000001,8.38B,4.3
2017-02-01,5654.51,5867.89,5616.4,5825.44,8560000000.000001,8.56B,3.75
2017-03-01,5874.86,5928.06,5769.39,5911.74,11000000000,11.00B,1.48
2017-04-01,5917.31,6074.04,5805.15,6047.61,8300000000.000001,8.30B,2.3
2017-05-01,6067.56,6221.99,5996.81,6198.52,10240000000,10.24B,2.5
2017-06-01,6215.91,6341.7,6087.81,6140.42,12500000000,12.50B,-0.94
2017-07-01,6173.29,6460.84,6081.96,6348.12,8580000000,8.58B,3.38
2017-08-01,6372.16,6435.27,6177.19,6428.66,9580000000,9.58B,1.27
2017-09-01,6442.17,6497.98,6334.59,6495.96,9410000000,9.41B,1.05
2017-10-01,6506.08,6737.75,6484.14,6727.67,9640000000,9.64B,3.57
2017-11-01,6758.64,6914.19,6667.31,6873.97,10200000000,10.20B,2.17
2017-12-01,6844.04,7003.89,6734.13,6903.39,10000000000,10.00B,0.43
2018-01-01,6937.65,7505.77,6924.08,7411.48,10400000000,10.40B,7.36
2018-02-01,7377.17,7441.09,6630.67,7273.01,10810000000,10.81B,-1.87
2018-03-01,7274.75,7637.27,6901.07,7063.44,12330000000,12.33B,-2.88
2018-04-01,7016.17,7319.58,6805.96,7066.27,10160000000,10.16B,0.04
2018-05-01,7053.65,7492.42,6991.14,7442.12,10640000000,10.64B,5.32
2018-06-01,7487.66,7806.6,7419.56,7510.3,12840000000,12.84B,0.92
2018-07-01,7451.9,7933.31,7443.1,7671.79,9420000000,9.42B,2.15
2018-08-01,7701.82,8133.3,7659.52,8109.54,10700000000,10.70B,5.71
2018-09-01,8087.95,8104.07,7873.93,8046.35,11150000000,11.15B,-0.78
2018-10-01,8091.5,8107.38,6922.83,7305.9,14830000000,14.83B,-9.2
2018-11-01,7327.82,7572.93,6830.76,7330.54,12570000000,12.57B,0.34
2018-12-01,7486.13,7486.51,6190.17,6635.28,13120000000,13.12B,-9.48
2019-01-01,6506.91,7303.12,6457.13,7281.74,12230000000,12.23B,9.74
2019-02-01,7256.37,7602.69,7225.14,7532.53,10640000000,10.64B,3.44
2019-03-01,7587.45,7850.1,7332.92,7729.32,13040000000,13.04B,2.61
2019-04-01,7800.24,8176.08,7777.1,8095.39,10750000000,10.75B,4.74
2019-05-01,8132.93,8164.71,7448.23,7453.15,12280000000,12.28B,-7.93
2019-06-01,7441.22,8088.88,7292.22,8006.24,12570000000,12.57B,7.42
2019-07-01,8145.85,8339.64,8059.29,8175.42,11140000000,11.14B,2.11
2019-08-01,8190.56,8311.04,7662.9,7962.88,11990000000,11.99B,-2.6
2019-09-01,7906.44,8243.8,7847.32,7999.33,11510000000,11.51B,0.46
2019-10-01,8026.83,8335.56,7700,8292.36,11230000000,11.23B,3.66
2019-11-01,8335.05,8705.91,8326.56,8665.47,10750000000,10.75B,4.5
2019-12-01,8672.84,9052,8435.4,8972.6,12250000000,12.25B,3.54
2020-01-01,9039.46,9451.43,8943.5,9150.94,12890000000,12.89B,1.99
2020-02-01,9190.72,9838.37,8264.16,8567.37,13390000000,13.39B,-6.38
2020-03-01,8667.14,9070.32,6631.42,7700.1,25110000000,25.11B,-10.12
2020-04-01,7459.5,8957.26,7288.11,8889.55,18760000000,18.76B,15.45
2020-05-01,8681.29,9523.64,8537.83,9489.87,18170000000,18.17B,6.75
2020-06-01,9471.42,10221.85,9403,10058.76,27300000000,27.30B,5.99
2020-07-01,10063.67,10839.93,10048.04,10745.27,20680000000,20.68B,6.82
2020-08-01,10848.64,11829.84,10762.71,11775.46,17240000000,17.24B,9.59
2020-09-01,11850.96,12074.07,10519.49,11167.68,20520000000,20.52B,-5.16
2020-10-01,11291.99,11965.54,10822.57,10911.59,16770000000,16.77B,-2.29
2020-11-01,11010.45,12244.65,10830.94,12198.74,19470000000,19.47B,11.8
2020-12-01,12313.36,12973.33,12214.74,12888.28,23500000000,23.50B,5.65
2021-01-01,12958.52,13728.98,12543.24,13070.69,26550000000,26.55B,1.42
2021-02-01,13226.18,14175.11,13003.98,13192.35,27400000000,27.40B,0.93
2021-03-01,13406.16,13620.71,12397.05,13246.87,29120000000,29.12B,0.41
2021-04-01,13414.33,14211.57,13404.18,13962.68,18510000000,18.51B,5.4
2021-05-01,14031.77,14042.12,13002.53,13748.74,18490000000,18.49B,-1.53
2021-06-01,13829.06,14535.97,13548.93,14503.95,24050000000,24.05B,5.49
2021-07-01,14493.69,14863.65,14178.66,14672.68,17460000000,17.46B,1.16
2021-08-01,14758.6,15288.08,14423.16,15259.24,17680000000,17.68B,4
2021-09-01,15308.98,15403.44,14444.3,14448.58,20390000000,20.39B,-5.31
2021-10-01,14494.93,15504.12,14181.69,15498.39,18710000000,18.71B,7.27
2021-11-01,15541.26,16212.23,15451.39,15537.69,21650000000,21.65B,0.25
2021-12-01,15752.27,15901.47,14860.04,15644.97,22790000000,22.79B,0.69
2022-01-01,15732.5,15852.14,13094.65,14239.88,20650000000,20.65B,-8.98
2022-02-01,14277.43,14509.56,12587.88,13751.4,18890000000,18.89B,-3.43
2022-03-01,13716.7,14646.9,12555.35,14220.52,26960000000,26.96B,3.41
2022-04-01,14269.53,14534.38,12315.74,12334.64,19020000000,19.02B,-13.26
2022-05-01,12331.69,12985.01,11035.69,12081.39,23280000000,23.28B,-2.05
2022-06-01,12176.89,12320.12,10565.14,11028.74,26740000000,26.74B,-8.71
2022-07-01,11006.83,12426.26,10911.45,12390.69,18160000000,18.16B,12.35
2022-08-01,12317.96,13181.09,11790.02,11816.2,21710000000,21.71B,-4.64
2022-09-01,11707.44,12270.19,10572.33,10575.62,22030000000,22.03B,-10.5
2022-10-01,10659.01,11230.44,10088.83,10988.15,19930000000,19.93B,3.9
2022-11-01,11154.74,11492.62,10262.93,11468,20080000000,20.08B,4.37
2022-12-01,11475.17,11571.64,10207.47,10466.48,21690000000,21.69B,-8.73
2023-01-01,10562.06,11691.89,10265.04,11584.55,19910000000,19.91B,10.68
2023-02-01,11573.14,12269.56,11334.47,11455.54,19320000000,19.32B,-1.11
2023-03-01,11447.58,12227.93,10982.8,12221.91,25370000000,25.37B,6.69
2023-04-01,12146.09,12245.43,11798.77,12226.58,17280000000,17.28B,0.04
2023-05-01,12210.05,13154.29,11925.37,12935.28,21610000000,21.61B,5.8
2023-06-01,12944.46,13864.06,12903.63,13787.92,25040000000,25.04B,6.59
2023-07-01,13798.7,14446.55,13567.25,14346.02,19250000000,19.25B,4.05
2023-08-01,14274.93,14309.21,13161.76,14034.97,21070000000,21.07B,-2.17
2023-09-01,14129.96,14149.62,12963.16,13219.32,19740000000,19.74B,-5.81
2023-10-01,13217.99,13714.14,12543.86,12851.24,19190000000,19.19B,-2.78
2023-11-01,12887.06,14423.22,12875.2,14226.22,19770000000,19.77B,10.7
2023-12-01,14181.35,15150.07,14058.52,15011.35,23680000000,23.68B,5.52
2024-01-01,14873.7,15630.58,14477.57,15164.01,21220000000,21.22B,1.02
2024-02-01,15254.02,16134.22,15208.88,16091.92,21720000000,21.72B,6.12
2024-03-01,16109.83,16538.86,15862.63,16379.46,23150000000,23.15B,1.79
2024-04-01,16397.05,16490.65,15222.78,15657.82,21210000000,21.21B,-4.41
2024-05-01,15646.09,17032.65,15557.64,16735.01,25030000000,25.03B,6.88
2024-06-01,16865.7,18035,16646.43,17732.6,24960000000,24.96B,5.96
2024-07-01,17773.9,18671.07,17015.38,17599.4,23240000000,23.24B,-0.75
2024-08-01,17647.03,18017.69,15708.54,17713.62,26770000000,26.77B,0.65
2024-09-01,17585.45,18327.34,16668.57,18189.17,23210000000,23.21B,2.68
2024-10-01,18154.94,18785.49,17767.79,18095.15,23320000000,23.32B,-0.52
2024-11-01,18189.67,19366.07,18112.83,19218.17,25040000000,25.04B,6.21
2024-12-01,19255.43,20204.58,19168.38,19310.79,29490000000,29.49B,0.48
2025-01-01,19403.9,20118.61,18831.91,19627.44,27480000000,27.48B,1.64
2025-02-01,19215.38,20110.12,18372.99,18847.28,26420000000,26.42B,-3.97
2025-03-01,18923.36,18992.3,16854.37,17299.29,30700000000,30.70B,-8.21
2025-04-01,17221.55,17716.52,14784.03,17446.34,39460000000,39.46B,0.85
2025-05-01,17793.14,19389.39,17503.01,19113.77,30150000000,30.15B,9.56
2025-06-01,19063.06,20418.31,18985.3,20369.73,31000000000,31.00B,6.57
2025-07-01,20290.61,21457.48,20105.41,21122.45,32530000000,32.53B,3.7
2025-08-01,20830.64,21803.75,20560.17,21455.55,30090000000,30.09B,1.58
2025-09-01,21086.57,22801.9,21033.05,22660.01,35500000000,35.50B,5.61
2025-10-01,22530.95,24019.99,22193.07,23724.96,39940000000,39.94B,4.7
2025-11-01,23951.91,23976.84,21898.29,23365.69,31200000000,31.20B,-1.51
2025-12-01,23172.34,23704.08,22692,23241.99,32580000000,32.58B,-0.53
2026-01-01,23481.49,23988.27,22916.83,23461.82,31640000000,31.64B,0.95
2026-02-01,23370.54,23691.6,22256.76,22668.21,30890000000,30.89B,-3.38
2026-03-01,22322.12,22906.72,20690.25,21590.63,36800000000,36.80B,-4.75
2026-04-01,21742.79,24935.6,21371.32,24892.31,32030000000,32.03B,15.29
2026-05-01,24977.79,27094.8,24913.12,26972.62,35290000000,35.29B,8.36
2026-06-01,26952.58,27190.21,24980.38,25888.84,17890000000,17.89B,-4.02
